university,subject,area,session_type,course,code,series_id,term,recording_term,lecture,index_session_number,slides_lecture_number,numbering_note,title,counted,material_kinds,downloaded_resource_count,folder,session_url,index_url,identity_evidence
Massachusetts Institute of Technology,mathematics,Calculus,lecture,Single Variable Calculus,18.01,mit-18-01-fall-2006,Fall 2006,,1,,,,"Derivatives, slope, velocity, rate of change",True,notes,1,mathematics/mit-18-01-fall-2006/L01,https://ocw.mit.edu/courses/18-01-single-variable-calculus-fall-2006/pages/lecture-notes/,https://ocw.mit.edu/courses/18-01-single-variable-calculus-fall-2006/pages/lecture-notes/,"Official lecture-notes index labels row 1: Derivatives, slope, velocity, rate of change and links its lecture-specific PDF."
Massachusetts Institute of Technology,mathematics,Calculus,lecture,Single Variable Calculus,18.01,mit-18-01-fall-2006,Fall 2006,,2,,,,"Limits, continuity Trigonometric limits",True,notes,1,mathematics/mit-18-01-fall-2006/L02,https://ocw.mit.edu/courses/18-01-single-variable-calculus-fall-2006/pages/lecture-notes/,https://ocw.mit.edu/courses/18-01-single-variable-calculus-fall-2006/pages/lecture-notes/,"Official lecture-notes index labels row 2: Limits, continuity Trigonometric limits and links its lecture-specific PDF."
Massachusetts Institute of Technology,mathematics,Calculus,lecture,Single Variable Calculus,18.01,mit-18-01-fall-2006,Fall 2006,,3,,,,"Derivatives of products, quotients, sine, cosine",True,notes,1,mathematics/mit-18-01-fall-2006/L03,https://ocw.mit.edu/courses/18-01-single-variable-calculus-fall-2006/pages/lecture-notes/,https://ocw.mit.edu/courses/18-01-single-variable-calculus-fall-2006/pages/lecture-notes/,"Official lecture-notes index labels row 3: Derivatives of products, quotients, sine, cosine and links its lecture-specific PDF."
Massachusetts Institute of Technology,mathematics,Calculus,lecture,Single Variable Calculus,18.01,mit-18-01-fall-2006,Fall 2006,,4,,,,Chain rule Higher derivatives,True,notes,1,mathematics/mit-18-01-fall-2006/L04,https://ocw.mit.edu/courses/18-01-single-variable-calculus-fall-2006/pages/lecture-notes/,https://ocw.mit.edu/courses/18-01-single-variable-calculus-fall-2006/pages/lecture-notes/,Official lecture-notes index labels row 4: Chain rule Higher derivatives and links its lecture-specific PDF.
Massachusetts Institute of Technology,mathematics,Calculus,lecture,Single Variable Calculus,18.01,mit-18-01-fall-2006,Fall 2006,,5,,,,"Implicit differentiation, inverses",True,notes,1,mathematics/mit-18-01-fall-2006/L05,https://ocw.mit.edu/courses/18-01-single-variable-calculus-fall-2006/pages/lecture-notes/,https://ocw.mit.edu/courses/18-01-single-variable-calculus-fall-2006/pages/lecture-notes/,"Official lecture-notes index labels row 5: Implicit differentiation, inverses and links its lecture-specific PDF."
Massachusetts Institute of Technology,mathematics,Calculus,lecture,Single Variable Calculus,18.01,mit-18-01-fall-2006,Fall 2006,,6,,,,Exponential and log Logarithmic differentiation; hyperbolic functions,True,notes,1,mathematics/mit-18-01-fall-2006/L06,https://ocw.mit.edu/courses/18-01-single-variable-calculus-fall-2006/pages/lecture-notes/,https://ocw.mit.edu/courses/18-01-single-variable-calculus-fall-2006/pages/lecture-notes/,Official lecture-notes index labels row 6: Exponential and log Logarithmic differentiation; hyperbolic functions and links its lecture-specific PDF.
Massachusetts Institute of Technology,mathematics,Calculus,lecture,Single Variable Calculus,18.01,mit-18-01-fall-2006,Fall 2006,,7,,,,Exam 1 review,True,notes,1,mathematics/mit-18-01-fall-2006/L07,https://ocw.mit.edu/courses/18-01-single-variable-calculus-fall-2006/pages/lecture-notes/,https://ocw.mit.edu/courses/18-01-single-variable-calculus-fall-2006/pages/lecture-notes/,Official lecture-notes index labels row 7: Exam 1 review and links its lecture-specific PDF.
Massachusetts Institute of Technology,mathematics,Calculus,lecture,Single Variable Calculus,18.01,mit-18-01-fall-2006,Fall 2006,,9,,,,Linear and quadratic approximations,True,notes,1,mathematics/mit-18-01-fall-2006/L09,https://ocw.mit.edu/courses/18-01-single-variable-calculus-fall-2006/pages/lecture-notes/,https://ocw.mit.edu/courses/18-01-single-variable-calculus-fall-2006/pages/lecture-notes/,Official lecture-notes index labels row 9: Linear and quadratic approximations and links its lecture-specific PDF.
Massachusetts Institute of Technology,mathematics,Calculus,lecture,Single Variable Calculus,18.01,mit-18-01-fall-2006,Fall 2006,,10,,,,Curve sketching,True,notes,1,mathematics/mit-18-01-fall-2006/L10,https://ocw.mit.edu/courses/18-01-single-variable-calculus-fall-2006/pages/lecture-notes/,https://ocw.mit.edu/courses/18-01-single-variable-calculus-fall-2006/pages/lecture-notes/,Official lecture-notes index labels row 10: Curve sketching and links its lecture-specific PDF.
Massachusetts Institute of Technology,mathematics,Calculus,lecture,Single Variable Calculus,18.01,mit-18-01-fall-2006,Fall 2006,,11,,,,Max-min problems,True,notes,1,mathematics/mit-18-01-fall-2006/L11,https://ocw.mit.edu/courses/18-01-single-variable-calculus-fall-2006/pages/lecture-notes/,https://ocw.mit.edu/courses/18-01-single-variable-calculus-fall-2006/pages/lecture-notes/,Official lecture-notes index labels row 11: Max-min problems and links its lecture-specific PDF.
Massachusetts Institute of Technology,mathematics,Calculus,lecture,Single Variable Calculus,18.01,mit-18-01-fall-2006,Fall 2006,,12,,,,Related rates,True,notes,1,mathematics/mit-18-01-fall-2006/L12,https://ocw.mit.edu/courses/18-01-single-variable-calculus-fall-2006/pages/lecture-notes/,https://ocw.mit.edu/courses/18-01-single-variable-calculus-fall-2006/pages/lecture-notes/,Official lecture-notes index labels row 12: Related rates and links its lecture-specific PDF.
Massachusetts Institute of Technology,mathematics,Calculus,lecture,Single Variable Calculus,18.01,mit-18-01-fall-2006,Fall 2006,,13,,,,Newton’s method and other applications,True,notes,1,mathematics/mit-18-01-fall-2006/L13,https://ocw.mit.edu/courses/18-01-single-variable-calculus-fall-2006/pages/lecture-notes/,https://ocw.mit.edu/courses/18-01-single-variable-calculus-fall-2006/pages/lecture-notes/,Official lecture-notes index labels row 13: Newton’s method and other applications and links its lecture-specific PDF.
Massachusetts Institute of Technology,mathematics,Calculus,lecture,Single Variable Calculus,18.01,mit-18-01-fall-2006,Fall 2006,,14,,,,Mean value theorem Inequalities,True,notes,1,mathematics/mit-18-01-fall-2006/L14,https://ocw.mit.edu/courses/18-01-single-variable-calculus-fall-2006/pages/lecture-notes/,https://ocw.mit.edu/courses/18-01-single-variable-calculus-fall-2006/pages/lecture-notes/,Official lecture-notes index labels row 14: Mean value theorem Inequalities and links its lecture-specific PDF.
Massachusetts Institute of Technology,mathematics,Calculus,lecture,Single Variable Calculus,18.01,mit-18-01-fall-2006,Fall 2006,,15,,,,"Differentials, antiderivatives",True,notes,1,mathematics/mit-18-01-fall-2006/L15,https://ocw.mit.edu/courses/18-01-single-variable-calculus-fall-2006/pages/lecture-notes/,https://ocw.mit.edu/courses/18-01-single-variable-calculus-fall-2006/pages/lecture-notes/,"Official lecture-notes index labels row 15: Differentials, antiderivatives and links its lecture-specific PDF."
Massachusetts Institute of Technology,mathematics,Calculus,lecture,Single Variable Calculus,18.01,mit-18-01-fall-2006,Fall 2006,,16,,,,"Differential equations, separation of variables",True,notes,1,mathematics/mit-18-01-fall-2006/L16,https://ocw.mit.edu/courses/18-01-single-variable-calculus-fall-2006/pages/lecture-notes/,https://ocw.mit.edu/courses/18-01-single-variable-calculus-fall-2006/pages/lecture-notes/,"Official lecture-notes index labels row 16: Differential equations, separation of variables and links its lecture-specific PDF."
Massachusetts Institute of Technology,mathematics,Calculus,lecture,Single Variable Calculus,18.01,mit-18-01-fall-2006,Fall 2006,,18,,,,Definite integrals,True,notes,1,mathematics/mit-18-01-fall-2006/L18,https://ocw.mit.edu/courses/18-01-single-variable-calculus-fall-2006/pages/lecture-notes/,https://ocw.mit.edu/courses/18-01-single-variable-calculus-fall-2006/pages/lecture-notes/,Official lecture-notes index labels row 18: Definite integrals and links its lecture-specific PDF.
Massachusetts Institute of Technology,mathematics,Calculus,lecture,Single Variable Calculus,18.01,mit-18-01-fall-2006,Fall 2006,,19,,,,First fundamental theorem of calculus,True,notes,1,mathematics/mit-18-01-fall-2006/L19,https://ocw.mit.edu/courses/18-01-single-variable-calculus-fall-2006/pages/lecture-notes/,https://ocw.mit.edu/courses/18-01-single-variable-calculus-fall-2006/pages/lecture-notes/,Official lecture-notes index labels row 19: First fundamental theorem of calculus and links its lecture-specific PDF.
Massachusetts Institute of Technology,mathematics,Calculus,lecture,Single Variable Calculus,18.01,mit-18-01-fall-2006,Fall 2006,,20,,,,Second fundamental theorem,True,notes,1,mathematics/mit-18-01-fall-2006/L20,https://ocw.mit.edu/courses/18-01-single-variable-calculus-fall-2006/pages/lecture-notes/,https://ocw.mit.edu/courses/18-01-single-variable-calculus-fall-2006/pages/lecture-notes/,Official lecture-notes index labels row 20: Second fundamental theorem and links its lecture-specific PDF.
Massachusetts Institute of Technology,mathematics,Calculus,lecture,Single Variable Calculus,18.01,mit-18-01-fall-2006,Fall 2006,,21,,,,Applications to logarithms and geometry,True,notes,1,mathematics/mit-18-01-fall-2006/L21,https://ocw.mit.edu/courses/18-01-single-variable-calculus-fall-2006/pages/lecture-notes/,https://ocw.mit.edu/courses/18-01-single-variable-calculus-fall-2006/pages/lecture-notes/,Official lecture-notes index labels row 21: Applications to logarithms and geometry and links its lecture-specific PDF.
Massachusetts Institute of Technology,mathematics,Calculus,lecture,Single Variable Calculus,18.01,mit-18-01-fall-2006,Fall 2006,,22,,,,Volumes by disks and shells,True,notes,1,mathematics/mit-18-01-fall-2006/L22,https://ocw.mit.edu/courses/18-01-single-variable-calculus-fall-2006/pages/lecture-notes/,https://ocw.mit.edu/courses/18-01-single-variable-calculus-fall-2006/pages/lecture-notes/,Official lecture-notes index labels row 22: Volumes by disks and shells and links its lecture-specific PDF.
Massachusetts Institute of Technology,mathematics,Calculus,lecture,Single Variable Calculus,18.01,mit-18-01-fall-2006,Fall 2006,,23,,,,"Work, average value, probability",True,notes,1,mathematics/mit-18-01-fall-2006/L23,https://ocw.mit.edu/courses/18-01-single-variable-calculus-fall-2006/pages/lecture-notes/,https://ocw.mit.edu/courses/18-01-single-variable-calculus-fall-2006/pages/lecture-notes/,"Official lecture-notes index labels row 23: Work, average value, probability and links its lecture-specific PDF."
Massachusetts Institute of Technology,mathematics,Calculus,lecture,Single Variable Calculus,18.01,mit-18-01-fall-2006,Fall 2006,,24,,,,Numerical integration,True,notes,1,mathematics/mit-18-01-fall-2006/L24,https://ocw.mit.edu/courses/18-01-single-variable-calculus-fall-2006/pages/lecture-notes/,https://ocw.mit.edu/courses/18-01-single-variable-calculus-fall-2006/pages/lecture-notes/,Official lecture-notes index labels row 24: Numerical integration and links its lecture-specific PDF.
Massachusetts Institute of Technology,mathematics,Calculus,lecture,Single Variable Calculus,18.01,mit-18-01-fall-2006,Fall 2006,,25,,,,Exam 3 review,True,notes,1,mathematics/mit-18-01-fall-2006/L25,https://ocw.mit.edu/courses/18-01-single-variable-calculus-fall-2006/pages/lecture-notes/,https://ocw.mit.edu/courses/18-01-single-variable-calculus-fall-2006/pages/lecture-notes/,Official lecture-notes index labels row 25: Exam 3 review and links its lecture-specific PDF.
Massachusetts Institute of Technology,mathematics,Calculus,lecture,Single Variable Calculus,18.01,mit-18-01-fall-2006,Fall 2006,,26,,,,Trigonometric integrals and substitution,True,notes,1,mathematics/mit-18-01-fall-2006/L26,https://ocw.mit.edu/courses/18-01-single-variable-calculus-fall-2006/pages/lecture-notes/,https://ocw.mit.edu/courses/18-01-single-variable-calculus-fall-2006/pages/lecture-notes/,Official lecture-notes index labels row 26: Trigonometric integrals and substitution and links its lecture-specific PDF.
Massachusetts Institute of Technology,mathematics,Calculus,lecture,Single Variable Calculus,18.01,mit-18-01-fall-2006,Fall 2006,,28,,,,Integration by inverse substitution; completing the square,True,notes,1,mathematics/mit-18-01-fall-2006/L28,https://ocw.mit.edu/courses/18-01-single-variable-calculus-fall-2006/pages/lecture-notes/,https://ocw.mit.edu/courses/18-01-single-variable-calculus-fall-2006/pages/lecture-notes/,Official lecture-notes index labels row 28: Integration by inverse substitution; completing the square and links its lecture-specific PDF.
Massachusetts Institute of Technology,mathematics,Calculus,lecture,Single Variable Calculus,18.01,mit-18-01-fall-2006,Fall 2006,,29,,,,Partial fractions,True,notes,1,mathematics/mit-18-01-fall-2006/L29,https://ocw.mit.edu/courses/18-01-single-variable-calculus-fall-2006/pages/lecture-notes/,https://ocw.mit.edu/courses/18-01-single-variable-calculus-fall-2006/pages/lecture-notes/,Official lecture-notes index labels row 29: Partial fractions and links its lecture-specific PDF.
Massachusetts Institute of Technology,mathematics,Calculus,lecture,Single Variable Calculus,18.01,mit-18-01-fall-2006,Fall 2006,,30,,,,"Integration by parts, reduction formulae",True,notes,1,mathematics/mit-18-01-fall-2006/L30,https://ocw.mit.edu/courses/18-01-single-variable-calculus-fall-2006/pages/lecture-notes/,https://ocw.mit.edu/courses/18-01-single-variable-calculus-fall-2006/pages/lecture-notes/,"Official lecture-notes index labels row 30: Integration by parts, reduction formulae and links its lecture-specific PDF."
Massachusetts Institute of Technology,mathematics,Calculus,lecture,Single Variable Calculus,18.01,mit-18-01-fall-2006,Fall 2006,,31,,,,"Parametric equations, arclength, surface area",True,notes,1,mathematics/mit-18-01-fall-2006/L31,https://ocw.mit.edu/courses/18-01-single-variable-calculus-fall-2006/pages/lecture-notes/,https://ocw.mit.edu/courses/18-01-single-variable-calculus-fall-2006/pages/lecture-notes/,"Official lecture-notes index labels row 31: Parametric equations, arclength, surface area and links its lecture-specific PDF."
Massachusetts Institute of Technology,mathematics,Calculus,lecture,Single Variable Calculus,18.01,mit-18-01-fall-2006,Fall 2006,,32,,,,Polar coordinates; area in polar coordinates Exam 4 review,True,notes,1,mathematics/mit-18-01-fall-2006/L32,https://ocw.mit.edu/courses/18-01-single-variable-calculus-fall-2006/pages/lecture-notes/,https://ocw.mit.edu/courses/18-01-single-variable-calculus-fall-2006/pages/lecture-notes/,Official lecture-notes index labels row 32: Polar coordinates; area in polar coordinates Exam 4 review and links its lecture-specific PDF.
Massachusetts Institute of Technology,mathematics,Calculus,lecture,Single Variable Calculus,18.01,mit-18-01-fall-2006,Fall 2006,,34,,,,Indeterminate forms - L’Hôspital’s rule,True,notes,1,mathematics/mit-18-01-fall-2006/L34,https://ocw.mit.edu/courses/18-01-single-variable-calculus-fall-2006/pages/lecture-notes/,https://ocw.mit.edu/courses/18-01-single-variable-calculus-fall-2006/pages/lecture-notes/,Official lecture-notes index labels row 34: Indeterminate forms - L’Hôspital’s rule and links its lecture-specific PDF.
Massachusetts Institute of Technology,mathematics,Calculus,lecture,Single Variable Calculus,18.01,mit-18-01-fall-2006,Fall 2006,,35,,,,Improper integrals,True,notes,1,mathematics/mit-18-01-fall-2006/L35,https://ocw.mit.edu/courses/18-01-single-variable-calculus-fall-2006/pages/lecture-notes/,https://ocw.mit.edu/courses/18-01-single-variable-calculus-fall-2006/pages/lecture-notes/,Official lecture-notes index labels row 35: Improper integrals and links its lecture-specific PDF.
Massachusetts Institute of Technology,mathematics,Calculus,lecture,Single Variable Calculus,18.01,mit-18-01-fall-2006,Fall 2006,,36,,,,Infinite series and convergence tests,True,notes,1,mathematics/mit-18-01-fall-2006/L36,https://ocw.mit.edu/courses/18-01-single-variable-calculus-fall-2006/pages/lecture-notes/,https://ocw.mit.edu/courses/18-01-single-variable-calculus-fall-2006/pages/lecture-notes/,Official lecture-notes index labels row 36: Infinite series and convergence tests and links its lecture-specific PDF.
Massachusetts Institute of Technology,mathematics,Calculus,lecture,Single Variable Calculus,18.01,mit-18-01-fall-2006,Fall 2006,,37,,,,Taylor’s series,True,notes,1,mathematics/mit-18-01-fall-2006/L37,https://ocw.mit.edu/courses/18-01-single-variable-calculus-fall-2006/pages/lecture-notes/,https://ocw.mit.edu/courses/18-01-single-variable-calculus-fall-2006/pages/lecture-notes/,Official lecture-notes index labels row 37: Taylor’s series and links its lecture-specific PDF.
Massachusetts Institute of Technology,mathematics,Calculus,lecture,Single Variable Calculus,18.01,mit-18-01-fall-2006,Fall 2006,,38,,,,Final review,True,notes,1,mathematics/mit-18-01-fall-2006/L38,https://ocw.mit.edu/courses/18-01-single-variable-calculus-fall-2006/pages/lecture-notes/,https://ocw.mit.edu/courses/18-01-single-variable-calculus-fall-2006/pages/lecture-notes/,Official lecture-notes index labels row 38: Final review and links its lecture-specific PDF.
Massachusetts Institute of Technology,mathematics,Multivariable calculus and vector calculus,lecture,Multivariable Calculus,18.02,mit-18-02-fall-2007,Fall 2007,,1,,,,Dot Product,True,"transcript, video",2,mathematics/mit-18-02-fall-2007/L01,https://ocw.mit.edu/courses/18-02-multivariable-calculus-fall-2007/resources/lecture-1-dot-product/,https://ocw.mit.edu/courses/18-02-multivariable-calculus-fall-2007/video_galleries/video-lectures/,Official video lecture gallery explicitly labels Lecture 1: Dot Product.
Massachusetts Institute of Technology,mathematics,Multivariable calculus and vector calculus,lecture,Multivariable Calculus,18.02,mit-18-02-fall-2007,Fall 2007,,2,,,,Determinants,True,transcript,1,mathematics/mit-18-02-fall-2007/L02,https://ocw.mit.edu/courses/18-02-multivariable-calculus-fall-2007/resources/lecture-2-determinants/,https://ocw.mit.edu/courses/18-02-multivariable-calculus-fall-2007/video_galleries/video-lectures/,Official video lecture gallery explicitly labels Lecture 2: Determinants.
Massachusetts Institute of Technology,mathematics,Multivariable calculus and vector calculus,lecture,Multivariable Calculus,18.02,mit-18-02-fall-2007,Fall 2007,,3,,,,Matrices,True,transcript,1,mathematics/mit-18-02-fall-2007/L03,https://ocw.mit.edu/courses/18-02-multivariable-calculus-fall-2007/resources/lecture-3-matrices/,https://ocw.mit.edu/courses/18-02-multivariable-calculus-fall-2007/video_galleries/video-lectures/,Official video lecture gallery explicitly labels Lecture 3: Matrices.
Massachusetts Institute of Technology,mathematics,Multivariable calculus and vector calculus,lecture,Multivariable Calculus,18.02,mit-18-02-fall-2007,Fall 2007,,4,,,,Square Systems,True,transcript,1,mathematics/mit-18-02-fall-2007/L04,https://ocw.mit.edu/courses/18-02-multivariable-calculus-fall-2007/resources/lecture-4-square-systems/,https://ocw.mit.edu/courses/18-02-multivariable-calculus-fall-2007/video_galleries/video-lectures/,Official video lecture gallery explicitly labels Lecture 4: Square Systems.
Massachusetts Institute of Technology,mathematics,Multivariable calculus and vector calculus,lecture,Multivariable Calculus,18.02,mit-18-02-fall-2007,Fall 2007,,5,,,,Parametric Equations,True,transcript,1,mathematics/mit-18-02-fall-2007/L05,https://ocw.mit.edu/courses/18-02-multivariable-calculus-fall-2007/resources/lecture-5-parametric-equations/,https://ocw.mit.edu/courses/18-02-multivariable-calculus-fall-2007/video_galleries/video-lectures/,Official video lecture gallery explicitly labels Lecture 5: Parametric Equations.
Massachusetts Institute of Technology,mathematics,Multivariable calculus and vector calculus,lecture,Multivariable Calculus,18.02,mit-18-02-fall-2007,Fall 2007,,6,,,,Kepler's Second Law,True,transcript,1,mathematics/mit-18-02-fall-2007/L06,https://ocw.mit.edu/courses/18-02-multivariable-calculus-fall-2007/resources/lecture-6-keplers-second-law/,https://ocw.mit.edu/courses/18-02-multivariable-calculus-fall-2007/video_galleries/video-lectures/,Official video lecture gallery explicitly labels Lecture 6: Kepler's Second Law.
Massachusetts Institute of Technology,mathematics,Multivariable calculus and vector calculus,lecture,Multivariable Calculus,18.02,mit-18-02-fall-2007,Fall 2007,,7,,,,Exam Review,True,transcript,1,mathematics/mit-18-02-fall-2007/L07,https://ocw.mit.edu/courses/18-02-multivariable-calculus-fall-2007/resources/lecture-7-exam-review/,https://ocw.mit.edu/courses/18-02-multivariable-calculus-fall-2007/video_galleries/video-lectures/,Official video lecture gallery explicitly labels Lecture 7: Exam Review.
Massachusetts Institute of Technology,mathematics,Multivariable calculus and vector calculus,lecture,Multivariable Calculus,18.02,mit-18-02-fall-2007,Fall 2007,,8,,,,Partial Derivatives,True,transcript,1,mathematics/mit-18-02-fall-2007/L08,https://ocw.mit.edu/courses/18-02-multivariable-calculus-fall-2007/resources/lecture-8-partial-derivatives/,https://ocw.mit.edu/courses/18-02-multivariable-calculus-fall-2007/video_galleries/video-lectures/,Official video lecture gallery explicitly labels Lecture 8: Partial Derivatives.
Massachusetts Institute of Technology,mathematics,Multivariable calculus and vector calculus,lecture,Multivariable Calculus,18.02,mit-18-02-fall-2007,Fall 2007,,9,,,,Max-Min and Least Squares,True,transcript,1,mathematics/mit-18-02-fall-2007/L09,https://ocw.mit.edu/courses/18-02-multivariable-calculus-fall-2007/resources/lecture-9-max-min-and-least-squares/,https://ocw.mit.edu/courses/18-02-multivariable-calculus-fall-2007/video_galleries/video-lectures/,Official video lecture gallery explicitly labels Lecture 9: Max-Min and Least Squares.
Massachusetts Institute of Technology,mathematics,Multivariable calculus and vector calculus,lecture,Multivariable Calculus,18.02,mit-18-02-fall-2007,Fall 2007,,10,,,,Second Derivative Test,True,transcript,1,mathematics/mit-18-02-fall-2007/L10,https://ocw.mit.edu/courses/18-02-multivariable-calculus-fall-2007/resources/lecture-10-second-derivative-test/,https://ocw.mit.edu/courses/18-02-multivariable-calculus-fall-2007/video_galleries/video-lectures/,Official video lecture gallery explicitly labels Lecture 10: Second Derivative Test.
Massachusetts Institute of Technology,mathematics,Multivariable calculus and vector calculus,lecture,Multivariable Calculus,18.02,mit-18-02-fall-2007,Fall 2007,,11,,,,Chain Rule,True,transcript,1,mathematics/mit-18-02-fall-2007/L11,https://ocw.mit.edu/courses/18-02-multivariable-calculus-fall-2007/resources/lecture-11-chain-rule/,https://ocw.mit.edu/courses/18-02-multivariable-calculus-fall-2007/video_galleries/video-lectures/,Official video lecture gallery explicitly labels Lecture 11: Chain Rule.
Massachusetts Institute of Technology,mathematics,Multivariable calculus and vector calculus,lecture,Multivariable Calculus,18.02,mit-18-02-fall-2007,Fall 2007,,12,,,,Gradient,True,transcript,1,mathematics/mit-18-02-fall-2007/L12,https://ocw.mit.edu/courses/18-02-multivariable-calculus-fall-2007/resources/lecture-12-gradient/,https://ocw.mit.edu/courses/18-02-multivariable-calculus-fall-2007/video_galleries/video-lectures/,Official video lecture gallery explicitly labels Lecture 12: Gradient.
Massachusetts Institute of Technology,mathematics,Multivariable calculus and vector calculus,lecture,Multivariable Calculus,18.02,mit-18-02-fall-2007,Fall 2007,,13,,,,Lagrange Multipliers,True,transcript,1,mathematics/mit-18-02-fall-2007/L13,https://ocw.mit.edu/courses/18-02-multivariable-calculus-fall-2007/resources/lecture-13-lagrange-multipliers/,https://ocw.mit.edu/courses/18-02-multivariable-calculus-fall-2007/video_galleries/video-lectures/,Official video lecture gallery explicitly labels Lecture 13: Lagrange Multipliers.
Massachusetts Institute of Technology,mathematics,Multivariable calculus and vector calculus,lecture,Multivariable Calculus,18.02,mit-18-02-fall-2007,Fall 2007,,14,,,,Non-Independent Variables,True,transcript,1,mathematics/mit-18-02-fall-2007/L14,https://ocw.mit.edu/courses/18-02-multivariable-calculus-fall-2007/resources/lecture-14-non-independent-variables/,https://ocw.mit.edu/courses/18-02-multivariable-calculus-fall-2007/video_galleries/video-lectures/,Official video lecture gallery explicitly labels Lecture 14: Non-Independent Variables.
Massachusetts Institute of Technology,mathematics,Multivariable calculus and vector calculus,lecture,Multivariable Calculus,18.02,mit-18-02-fall-2007,Fall 2007,,15,,,,Partial Differential Equations,True,transcript,1,mathematics/mit-18-02-fall-2007/L15,https://ocw.mit.edu/courses/18-02-multivariable-calculus-fall-2007/resources/lecture-15-partial-differential-equations/,https://ocw.mit.edu/courses/18-02-multivariable-calculus-fall-2007/video_galleries/video-lectures/,Official video lecture gallery explicitly labels Lecture 15: Partial Differential Equations.
Massachusetts Institute of Technology,mathematics,Multivariable calculus and vector calculus,lecture,Multivariable Calculus,18.02,mit-18-02-fall-2007,Fall 2007,,16,,,,Double Integrals,True,transcript,1,mathematics/mit-18-02-fall-2007/L16,https://ocw.mit.edu/courses/18-02-multivariable-calculus-fall-2007/resources/lecture-16-double-integrals/,https://ocw.mit.edu/courses/18-02-multivariable-calculus-fall-2007/video_galleries/video-lectures/,Official video lecture gallery explicitly labels Lecture 16: Double Integrals.
Massachusetts Institute of Technology,mathematics,Multivariable calculus and vector calculus,lecture,Multivariable Calculus,18.02,mit-18-02-fall-2007,Fall 2007,,17,,,,Polar Coordinates,True,transcript,1,mathematics/mit-18-02-fall-2007/L17,https://ocw.mit.edu/courses/18-02-multivariable-calculus-fall-2007/resources/lecture-17-polar-coordinates/,https://ocw.mit.edu/courses/18-02-multivariable-calculus-fall-2007/video_galleries/video-lectures/,Official video lecture gallery explicitly labels Lecture 17: Polar Coordinates.
Massachusetts Institute of Technology,mathematics,Multivariable calculus and vector calculus,lecture,Multivariable Calculus,18.02,mit-18-02-fall-2007,Fall 2007,,18,,,,Change of Variables,True,"transcript, video",2,mathematics/mit-18-02-fall-2007/L18,https://ocw.mit.edu/courses/18-02-multivariable-calculus-fall-2007/resources/lecture-18-change-of-variables/,https://ocw.mit.edu/courses/18-02-multivariable-calculus-fall-2007/video_galleries/video-lectures/,Official video lecture gallery explicitly labels Lecture 18: Change of Variables.
Massachusetts Institute of Technology,mathematics,Multivariable calculus and vector calculus,lecture,Multivariable Calculus,18.02,mit-18-02-fall-2007,Fall 2007,,19,,,,Vector Fields,True,transcript,1,mathematics/mit-18-02-fall-2007/L19,https://ocw.mit.edu/courses/18-02-multivariable-calculus-fall-2007/resources/lecture-19-vector-fields/,https://ocw.mit.edu/courses/18-02-multivariable-calculus-fall-2007/video_galleries/video-lectures/,Official video lecture gallery explicitly labels Lecture 19: Vector Fields.
Massachusetts Institute of Technology,mathematics,Multivariable calculus and vector calculus,lecture,Multivariable Calculus,18.02,mit-18-02-fall-2007,Fall 2007,,20,,,,Path Independence,True,transcript,1,mathematics/mit-18-02-fall-2007/L20,https://ocw.mit.edu/courses/18-02-multivariable-calculus-fall-2007/resources/lecture-20-path-independence/,https://ocw.mit.edu/courses/18-02-multivariable-calculus-fall-2007/video_galleries/video-lectures/,Official video lecture gallery explicitly labels Lecture 20: Path Independence.
Massachusetts Institute of Technology,mathematics,Multivariable calculus and vector calculus,lecture,Multivariable Calculus,18.02,mit-18-02-fall-2007,Fall 2007,,21,,,,Gradient Fields,True,transcript,1,mathematics/mit-18-02-fall-2007/L21,https://ocw.mit.edu/courses/18-02-multivariable-calculus-fall-2007/resources/lecture-21-gradient-fields/,https://ocw.mit.edu/courses/18-02-multivariable-calculus-fall-2007/video_galleries/video-lectures/,Official video lecture gallery explicitly labels Lecture 21: Gradient Fields.
Massachusetts Institute of Technology,mathematics,Multivariable calculus and vector calculus,lecture,Multivariable Calculus,18.02,mit-18-02-fall-2007,Fall 2007,,22,,,,Green's Theorem,True,transcript,1,mathematics/mit-18-02-fall-2007/L22,https://ocw.mit.edu/courses/18-02-multivariable-calculus-fall-2007/resources/lecture-22-greens-theorem/,https://ocw.mit.edu/courses/18-02-multivariable-calculus-fall-2007/video_galleries/video-lectures/,Official video lecture gallery explicitly labels Lecture 22: Green's Theorem.
Massachusetts Institute of Technology,mathematics,Multivariable calculus and vector calculus,lecture,Multivariable Calculus,18.02,mit-18-02-fall-2007,Fall 2007,,23,,,,Flux,True,transcript,1,mathematics/mit-18-02-fall-2007/L23,https://ocw.mit.edu/courses/18-02-multivariable-calculus-fall-2007/resources/lecture-23-flux/,https://ocw.mit.edu/courses/18-02-multivariable-calculus-fall-2007/video_galleries/video-lectures/,Official video lecture gallery explicitly labels Lecture 23: Flux.
Massachusetts Institute of Technology,mathematics,Multivariable calculus and vector calculus,lecture,Multivariable Calculus,18.02,mit-18-02-fall-2007,Fall 2007,,24,,,,Simply Connected Regions,True,transcript,1,mathematics/mit-18-02-fall-2007/L24,https://ocw.mit.edu/courses/18-02-multivariable-calculus-fall-2007/resources/lecture-24-simply-connected-regions/,https://ocw.mit.edu/courses/18-02-multivariable-calculus-fall-2007/video_galleries/video-lectures/,Official video lecture gallery explicitly labels Lecture 24: Simply Connected Regions.
Massachusetts Institute of Technology,mathematics,Multivariable calculus and vector calculus,lecture,Multivariable Calculus,18.02,mit-18-02-fall-2007,Fall 2007,,25,,,,Triple Integrals,True,transcript,1,mathematics/mit-18-02-fall-2007/L25,https://ocw.mit.edu/courses/18-02-multivariable-calculus-fall-2007/resources/lecture-25-triple-integrals/,https://ocw.mit.edu/courses/18-02-multivariable-calculus-fall-2007/video_galleries/video-lectures/,Official video lecture gallery explicitly labels Lecture 25: Triple Integrals.
Massachusetts Institute of Technology,mathematics,Multivariable calculus and vector calculus,lecture,Multivariable Calculus,18.02,mit-18-02-fall-2007,Fall 2007,,26,,,,Spherical Coordinates,True,transcript,1,mathematics/mit-18-02-fall-2007/L26,https://ocw.mit.edu/courses/18-02-multivariable-calculus-fall-2007/resources/lecture-26-spherical-coordinates/,https://ocw.mit.edu/courses/18-02-multivariable-calculus-fall-2007/video_galleries/video-lectures/,Official video lecture gallery explicitly labels Lecture 26: Spherical Coordinates.
Massachusetts Institute of Technology,mathematics,Multivariable calculus and vector calculus,lecture,Multivariable Calculus,18.02,mit-18-02-fall-2007,Fall 2007,,27,,,,Vector Fields in 3D,True,transcript,1,mathematics/mit-18-02-fall-2007/L27,https://ocw.mit.edu/courses/18-02-multivariable-calculus-fall-2007/resources/lecture-27-vector-fields-in-3d/,https://ocw.mit.edu/courses/18-02-multivariable-calculus-fall-2007/video_galleries/video-lectures/,Official video lecture gallery explicitly labels Lecture 27: Vector Fields in 3D.
Massachusetts Institute of Technology,mathematics,Multivariable calculus and vector calculus,lecture,Multivariable Calculus,18.02,mit-18-02-fall-2007,Fall 2007,,28,,,,Divergence Theorem,True,transcript,1,mathematics/mit-18-02-fall-2007/L28,https://ocw.mit.edu/courses/18-02-multivariable-calculus-fall-2007/resources/lecture-28-divergence-theorem/,https://ocw.mit.edu/courses/18-02-multivariable-calculus-fall-2007/video_galleries/video-lectures/,Official video lecture gallery explicitly labels Lecture 28: Divergence Theorem.
Massachusetts Institute of Technology,mathematics,Multivariable calculus and vector calculus,lecture,Multivariable Calculus,18.02,mit-18-02-fall-2007,Fall 2007,,29,,,,Divergence Theorem (cont.),True,transcript,1,mathematics/mit-18-02-fall-2007/L29,https://ocw.mit.edu/courses/18-02-multivariable-calculus-fall-2007/resources/lecture-29-divergence-theorem-cont/,https://ocw.mit.edu/courses/18-02-multivariable-calculus-fall-2007/video_galleries/video-lectures/,Official video lecture gallery explicitly labels Lecture 29: Divergence Theorem (cont.).
Massachusetts Institute of Technology,mathematics,Multivariable calculus and vector calculus,lecture,Multivariable Calculus,18.02,mit-18-02-fall-2007,Fall 2007,,30,,,,Line Integrals,True,transcript,1,mathematics/mit-18-02-fall-2007/L30,https://ocw.mit.edu/courses/18-02-multivariable-calculus-fall-2007/resources/lecture-30-line-integrals/,https://ocw.mit.edu/courses/18-02-multivariable-calculus-fall-2007/video_galleries/video-lectures/,Official video lecture gallery explicitly labels Lecture 30: Line Integrals.
Massachusetts Institute of Technology,mathematics,Multivariable calculus and vector calculus,lecture,Multivariable Calculus,18.02,mit-18-02-fall-2007,Fall 2007,,31,,,,Stokes' Theorem,True,transcript,1,mathematics/mit-18-02-fall-2007/L31,https://ocw.mit.edu/courses/18-02-multivariable-calculus-fall-2007/resources/lecture-31-stokes-theorem/,https://ocw.mit.edu/courses/18-02-multivariable-calculus-fall-2007/video_galleries/video-lectures/,Official video lecture gallery explicitly labels Lecture 31: Stokes' Theorem.
Massachusetts Institute of Technology,mathematics,Multivariable calculus and vector calculus,lecture,Multivariable Calculus,18.02,mit-18-02-fall-2007,Fall 2007,,32,,,,Stokes' Theorem (cont.),True,transcript,1,mathematics/mit-18-02-fall-2007/L32,https://ocw.mit.edu/courses/18-02-multivariable-calculus-fall-2007/resources/lecture-32-stokes-theorem-cont/,https://ocw.mit.edu/courses/18-02-multivariable-calculus-fall-2007/video_galleries/video-lectures/,Official video lecture gallery explicitly labels Lecture 32: Stokes' Theorem (cont.).
Massachusetts Institute of Technology,mathematics,Multivariable calculus and vector calculus,lecture,Multivariable Calculus,18.02,mit-18-02-fall-2007,Fall 2007,,33,,,,Maxwell's Equations,True,transcript,1,mathematics/mit-18-02-fall-2007/L33,https://ocw.mit.edu/courses/18-02-multivariable-calculus-fall-2007/resources/lecture-33-maxwells-equations/,https://ocw.mit.edu/courses/18-02-multivariable-calculus-fall-2007/video_galleries/video-lectures/,Official video lecture gallery explicitly labels Lecture 33: Maxwell's Equations.
Massachusetts Institute of Technology,mathematics,Multivariable calculus and vector calculus,lecture,Multivariable Calculus,18.02,mit-18-02-fall-2007,Fall 2007,,34,,,,Final Review,True,transcript,1,mathematics/mit-18-02-fall-2007/L34,https://ocw.mit.edu/courses/18-02-multivariable-calculus-fall-2007/resources/lecture-34-final-review/,https://ocw.mit.edu/courses/18-02-multivariable-calculus-fall-2007/video_galleries/video-lectures/,Official video lecture gallery explicitly labels Lecture 34: Final Review.
Massachusetts Institute of Technology,mathematics,Multivariable calculus and vector calculus,lecture,Multivariable Calculus,18.02,mit-18-02-fall-2007,Fall 2007,,35,,,,Final Review (cont.),True,transcript,1,mathematics/mit-18-02-fall-2007/L35,https://ocw.mit.edu/courses/18-02-multivariable-calculus-fall-2007/resources/lecture-35-final-review-cont/,https://ocw.mit.edu/courses/18-02-multivariable-calculus-fall-2007/video_galleries/video-lectures/,Official video lecture gallery explicitly labels Lecture 35: Final Review (cont.).
Massachusetts Institute of Technology,mathematics,Calculus,lecture,Single Variable Calculus — recorded lecture series,18.01,mit-18-01-fall-2007-recordings,Fall 2007,,1,,,,Rate of Change,True,"transcript, video",2,mathematics/mit-18-01-fall-2007-recordings/L01,https://ocw.mit.edu/courses/18-01-single-variable-calculus-fall-2006/resources/lecture-1-derivatives/,https://ocw.mit.edu/courses/18-01-single-variable-calculus-fall-2006/video_galleries/video-lectures/,Official video lecture gallery explicitly labels Lecture 1: Rate of Change.
Massachusetts Institute of Technology,mathematics,Calculus,lecture,Single Variable Calculus — recorded lecture series,18.01,mit-18-01-fall-2007-recordings,Fall 2007,,2,,,,Limits,True,transcript,1,mathematics/mit-18-01-fall-2007-recordings/L02,https://ocw.mit.edu/courses/18-01-single-variable-calculus-fall-2006/resources/lecture-2-limits/,https://ocw.mit.edu/courses/18-01-single-variable-calculus-fall-2006/video_galleries/video-lectures/,Official video lecture gallery explicitly labels Lecture 2: Limits.
Massachusetts Institute of Technology,mathematics,Calculus,lecture,Single Variable Calculus — recorded lecture series,18.01,mit-18-01-fall-2007-recordings,Fall 2007,,3,,,,Derivatives,True,transcript,1,mathematics/mit-18-01-fall-2007-recordings/L03,https://ocw.mit.edu/courses/18-01-single-variable-calculus-fall-2006/resources/lecture-3-derivatives/,https://ocw.mit.edu/courses/18-01-single-variable-calculus-fall-2006/video_galleries/video-lectures/,Official video lecture gallery explicitly labels Lecture 3: Derivatives.
Massachusetts Institute of Technology,mathematics,Calculus,lecture,Single Variable Calculus — recorded lecture series,18.01,mit-18-01-fall-2007-recordings,Fall 2007,,4,,,,Chain Rule,True,transcript,1,mathematics/mit-18-01-fall-2007-recordings/L04,https://ocw.mit.edu/courses/18-01-single-variable-calculus-fall-2006/resources/lecture-4-chain-rule/,https://ocw.mit.edu/courses/18-01-single-variable-calculus-fall-2006/video_galleries/video-lectures/,Official video lecture gallery explicitly labels Lecture 4: Chain Rule.
Massachusetts Institute of Technology,mathematics,Calculus,lecture,Single Variable Calculus — recorded lecture series,18.01,mit-18-01-fall-2007-recordings,Fall 2007,,5,,,,Implicit Differentiation,True,transcript,1,mathematics/mit-18-01-fall-2007-recordings/L05,https://ocw.mit.edu/courses/18-01-single-variable-calculus-fall-2006/resources/lecture-5-implicit-differentiation/,https://ocw.mit.edu/courses/18-01-single-variable-calculus-fall-2006/video_galleries/video-lectures/,Official video lecture gallery explicitly labels Lecture 5: Implicit Differentiation.
Massachusetts Institute of Technology,mathematics,Calculus,lecture,Single Variable Calculus — recorded lecture series,18.01,mit-18-01-fall-2007-recordings,Fall 2007,,6,,,,Exponential and Log,True,transcript,1,mathematics/mit-18-01-fall-2007-recordings/L06,https://ocw.mit.edu/courses/18-01-single-variable-calculus-fall-2006/resources/lecture-6-exponential-and-log/,https://ocw.mit.edu/courses/18-01-single-variable-calculus-fall-2006/video_galleries/video-lectures/,Official video lecture gallery explicitly labels Lecture 6: Exponential and Log.
Massachusetts Institute of Technology,mathematics,Calculus,lecture,Single Variable Calculus — recorded lecture series,18.01,mit-18-01-fall-2007-recordings,Fall 2007,,7,,,,Exam 1 Review,True,transcript,1,mathematics/mit-18-01-fall-2007-recordings/L07,https://ocw.mit.edu/courses/18-01-single-variable-calculus-fall-2006/resources/lecture-7-exam-1-review/,https://ocw.mit.edu/courses/18-01-single-variable-calculus-fall-2006/video_galleries/video-lectures/,Official video lecture gallery explicitly labels Lecture 7: Exam 1 Review.
Massachusetts Institute of Technology,mathematics,Calculus,lecture,Single Variable Calculus — recorded lecture series,18.01,mit-18-01-fall-2007-recordings,Fall 2007,,9,,,,Linear and Quadratic Approximations,True,transcript,1,mathematics/mit-18-01-fall-2007-recordings/L09,https://ocw.mit.edu/courses/18-01-single-variable-calculus-fall-2006/resources/lecture-9-linear-and-quadratic-approximations/,https://ocw.mit.edu/courses/18-01-single-variable-calculus-fall-2006/video_galleries/video-lectures/,Official video lecture gallery explicitly labels Lecture 9: Linear and Quadratic Approximations.
Massachusetts Institute of Technology,mathematics,Calculus,lecture,Single Variable Calculus — recorded lecture series,18.01,mit-18-01-fall-2007-recordings,Fall 2007,,10,,,,Curve Sketching,True,transcript,1,mathematics/mit-18-01-fall-2007-recordings/L10,https://ocw.mit.edu/courses/18-01-single-variable-calculus-fall-2006/resources/lecture-10-curve-sketching/,https://ocw.mit.edu/courses/18-01-single-variable-calculus-fall-2006/video_galleries/video-lectures/,Official video lecture gallery explicitly labels Lecture 10: Curve Sketching.
Massachusetts Institute of Technology,mathematics,Calculus,lecture,Single Variable Calculus — recorded lecture series,18.01,mit-18-01-fall-2007-recordings,Fall 2007,,11,,,,Max-min,True,transcript,1,mathematics/mit-18-01-fall-2007-recordings/L11,https://ocw.mit.edu/courses/18-01-single-variable-calculus-fall-2006/resources/lecture-11-max-min/,https://ocw.mit.edu/courses/18-01-single-variable-calculus-fall-2006/video_galleries/video-lectures/,Official video lecture gallery explicitly labels Lecture 11: Max-min.
Massachusetts Institute of Technology,mathematics,Calculus,lecture,Single Variable Calculus — recorded lecture series,18.01,mit-18-01-fall-2007-recordings,Fall 2007,,12,,,,Related Rates,True,transcript,1,mathematics/mit-18-01-fall-2007-recordings/L12,https://ocw.mit.edu/courses/18-01-single-variable-calculus-fall-2006/resources/lecture-12-related-rates/,https://ocw.mit.edu/courses/18-01-single-variable-calculus-fall-2006/video_galleries/video-lectures/,Official video lecture gallery explicitly labels Lecture 12: Related Rates.
Massachusetts Institute of Technology,mathematics,Calculus,lecture,Single Variable Calculus — recorded lecture series,18.01,mit-18-01-fall-2007-recordings,Fall 2007,,13,,,,Newton's Method,True,transcript,1,mathematics/mit-18-01-fall-2007-recordings/L13,https://ocw.mit.edu/courses/18-01-single-variable-calculus-fall-2006/resources/lecture-13-newtons-method/,https://ocw.mit.edu/courses/18-01-single-variable-calculus-fall-2006/video_galleries/video-lectures/,Official video lecture gallery explicitly labels Lecture 13: Newton's Method.
Massachusetts Institute of Technology,mathematics,Calculus,lecture,Single Variable Calculus — recorded lecture series,18.01,mit-18-01-fall-2007-recordings,Fall 2007,,14,,,,Mean Value Theorem,True,transcript,1,mathematics/mit-18-01-fall-2007-recordings/L14,https://ocw.mit.edu/courses/18-01-single-variable-calculus-fall-2006/resources/lecture-14-mean-value-theorem/,https://ocw.mit.edu/courses/18-01-single-variable-calculus-fall-2006/video_galleries/video-lectures/,Official video lecture gallery explicitly labels Lecture 14: Mean Value Theorem.
Massachusetts Institute of Technology,mathematics,Calculus,lecture,Single Variable Calculus — recorded lecture series,18.01,mit-18-01-fall-2007-recordings,Fall 2007,,15,,,,Antiderivatives,True,transcript,1,mathematics/mit-18-01-fall-2007-recordings/L15,https://ocw.mit.edu/courses/18-01-single-variable-calculus-fall-2006/resources/lecture-15-antiderivatives/,https://ocw.mit.edu/courses/18-01-single-variable-calculus-fall-2006/video_galleries/video-lectures/,Official video lecture gallery explicitly labels Lecture 15: Antiderivatives.
Massachusetts Institute of Technology,mathematics,Calculus,lecture,Single Variable Calculus — recorded lecture series,18.01,mit-18-01-fall-2007-recordings,Fall 2007,,16,,,,Differential Equations,True,transcript,1,mathematics/mit-18-01-fall-2007-recordings/L16,https://ocw.mit.edu/courses/18-01-single-variable-calculus-fall-2006/resources/lecture-16-differential-equations/,https://ocw.mit.edu/courses/18-01-single-variable-calculus-fall-2006/video_galleries/video-lectures/,Official video lecture gallery explicitly labels Lecture 16: Differential Equations.
Massachusetts Institute of Technology,mathematics,Calculus,lecture,Single Variable Calculus — recorded lecture series,18.01,mit-18-01-fall-2007-recordings,Fall 2007,,18,,,,Definite Integrals,True,transcript,1,mathematics/mit-18-01-fall-2007-recordings/L18,https://ocw.mit.edu/courses/18-01-single-variable-calculus-fall-2006/resources/lecture-18-definite-integrals/,https://ocw.mit.edu/courses/18-01-single-variable-calculus-fall-2006/video_galleries/video-lectures/,Official video lecture gallery explicitly labels Lecture 18: Definite Integrals.
Massachusetts Institute of Technology,mathematics,Calculus,lecture,Single Variable Calculus — recorded lecture series,18.01,mit-18-01-fall-2007-recordings,Fall 2007,,19,,,,First Fundamental Theorem,True,transcript,1,mathematics/mit-18-01-fall-2007-recordings/L19,https://ocw.mit.edu/courses/18-01-single-variable-calculus-fall-2006/resources/lecture-19-first-fundamental-theorem/,https://ocw.mit.edu/courses/18-01-single-variable-calculus-fall-2006/video_galleries/video-lectures/,Official video lecture gallery explicitly labels Lecture 19: First Fundamental Theorem.
Massachusetts Institute of Technology,mathematics,Calculus,lecture,Single Variable Calculus — recorded lecture series,18.01,mit-18-01-fall-2007-recordings,Fall 2007,,20,,,,Second Fundamental Theorem,True,"transcript, video",2,mathematics/mit-18-01-fall-2007-recordings/L20,https://ocw.mit.edu/courses/18-01-single-variable-calculus-fall-2006/resources/lecture-20-second-fundamental-theorem/,https://ocw.mit.edu/courses/18-01-single-variable-calculus-fall-2006/video_galleries/video-lectures/,Official video lecture gallery explicitly labels Lecture 20: Second Fundamental Theorem.
Massachusetts Institute of Technology,mathematics,Calculus,lecture,Single Variable Calculus — recorded lecture series,18.01,mit-18-01-fall-2007-recordings,Fall 2007,,21,,,,Applications to Logarithms,True,transcript,1,mathematics/mit-18-01-fall-2007-recordings/L21,https://ocw.mit.edu/courses/18-01-single-variable-calculus-fall-2006/resources/lecture-21-applications-to-logarithms/,https://ocw.mit.edu/courses/18-01-single-variable-calculus-fall-2006/video_galleries/video-lectures/,Official video lecture gallery explicitly labels Lecture 21: Applications to Logarithms.
Massachusetts Institute of Technology,mathematics,Calculus,lecture,Single Variable Calculus — recorded lecture series,18.01,mit-18-01-fall-2007-recordings,Fall 2007,,22,,,,Volumes,True,transcript,1,mathematics/mit-18-01-fall-2007-recordings/L22,https://ocw.mit.edu/courses/18-01-single-variable-calculus-fall-2006/resources/lecture-22-volumes/,https://ocw.mit.edu/courses/18-01-single-variable-calculus-fall-2006/video_galleries/video-lectures/,Official video lecture gallery explicitly labels Lecture 22: Volumes.
Massachusetts Institute of Technology,mathematics,Calculus,lecture,Single Variable Calculus — recorded lecture series,18.01,mit-18-01-fall-2007-recordings,Fall 2007,,23,,,,"Work, Probability",True,transcript,1,mathematics/mit-18-01-fall-2007-recordings/L23,https://ocw.mit.edu/courses/18-01-single-variable-calculus-fall-2006/resources/lecture-23-work/,https://ocw.mit.edu/courses/18-01-single-variable-calculus-fall-2006/video_galleries/video-lectures/,"Official video lecture gallery explicitly labels Lecture 23: Work, Probability."
Massachusetts Institute of Technology,mathematics,Calculus,lecture,Single Variable Calculus — recorded lecture series,18.01,mit-18-01-fall-2007-recordings,Fall 2007,,24,,,,Numerical Integration,True,transcript,1,mathematics/mit-18-01-fall-2007-recordings/L24,https://ocw.mit.edu/courses/18-01-single-variable-calculus-fall-2006/resources/lecture-24-numerical-integration/,https://ocw.mit.edu/courses/18-01-single-variable-calculus-fall-2006/video_galleries/video-lectures/,Official video lecture gallery explicitly labels Lecture 24: Numerical Integration.
Massachusetts Institute of Technology,mathematics,Calculus,lecture,Single Variable Calculus — recorded lecture series,18.01,mit-18-01-fall-2007-recordings,Fall 2007,,25,,,,Exam 3 Review,True,transcript,1,mathematics/mit-18-01-fall-2007-recordings/L25,https://ocw.mit.edu/courses/18-01-single-variable-calculus-fall-2006/resources/lecture-25-exam-review/,https://ocw.mit.edu/courses/18-01-single-variable-calculus-fall-2006/video_galleries/video-lectures/,Official video lecture gallery explicitly labels Lecture 25: Exam 3 Review.
Massachusetts Institute of Technology,mathematics,Calculus,lecture,Single Variable Calculus — recorded lecture series,18.01,mit-18-01-fall-2007-recordings,Fall 2007,,27,,,,Trig Integrals,True,transcript,1,mathematics/mit-18-01-fall-2007-recordings/L27,https://ocw.mit.edu/courses/18-01-single-variable-calculus-fall-2006/resources/lecture-27-trig-integrals/,https://ocw.mit.edu/courses/18-01-single-variable-calculus-fall-2006/video_galleries/video-lectures/,Official video lecture gallery explicitly labels Lecture 27: Trig Integrals.
Massachusetts Institute of Technology,mathematics,Calculus,lecture,Single Variable Calculus — recorded lecture series,18.01,mit-18-01-fall-2007-recordings,Fall 2007,,28,,,,Inverse Substitution,True,transcript,1,mathematics/mit-18-01-fall-2007-recordings/L28,https://ocw.mit.edu/courses/18-01-single-variable-calculus-fall-2006/resources/lecture-28-inverse-substitution/,https://ocw.mit.edu/courses/18-01-single-variable-calculus-fall-2006/video_galleries/video-lectures/,Official video lecture gallery explicitly labels Lecture 28: Inverse Substitution.
Massachusetts Institute of Technology,mathematics,Calculus,lecture,Single Variable Calculus — recorded lecture series,18.01,mit-18-01-fall-2007-recordings,Fall 2007,,29,,,,Partial Fractions,True,transcript,1,mathematics/mit-18-01-fall-2007-recordings/L29,https://ocw.mit.edu/courses/18-01-single-variable-calculus-fall-2006/resources/lecture-29-partial-fractions/,https://ocw.mit.edu/courses/18-01-single-variable-calculus-fall-2006/video_galleries/video-lectures/,Official video lecture gallery explicitly labels Lecture 29: Partial Fractions.
Massachusetts Institute of Technology,mathematics,Calculus,lecture,Single Variable Calculus — recorded lecture series,18.01,mit-18-01-fall-2007-recordings,Fall 2007,,30,,,,Integration by Parts,True,transcript,1,mathematics/mit-18-01-fall-2007-recordings/L30,https://ocw.mit.edu/courses/18-01-single-variable-calculus-fall-2006/resources/lecture-30-integration-by-parts/,https://ocw.mit.edu/courses/18-01-single-variable-calculus-fall-2006/video_galleries/video-lectures/,Official video lecture gallery explicitly labels Lecture 30: Integration by Parts.
Massachusetts Institute of Technology,mathematics,Calculus,lecture,Single Variable Calculus — recorded lecture series,18.01,mit-18-01-fall-2007-recordings,Fall 2007,,31,,,,Parametric Equations,True,transcript,1,mathematics/mit-18-01-fall-2007-recordings/L31,https://ocw.mit.edu/courses/18-01-single-variable-calculus-fall-2006/resources/lecture-31-parametric-equations/,https://ocw.mit.edu/courses/18-01-single-variable-calculus-fall-2006/video_galleries/video-lectures/,Official video lecture gallery explicitly labels Lecture 31: Parametric Equations.
Massachusetts Institute of Technology,mathematics,Calculus,lecture,Single Variable Calculus — recorded lecture series,18.01,mit-18-01-fall-2007-recordings,Fall 2007,,32,,,,Polar Coordinates,True,transcript,1,mathematics/mit-18-01-fall-2007-recordings/L32,https://ocw.mit.edu/courses/18-01-single-variable-calculus-fall-2006/resources/lecture-32-polar-coordinates/,https://ocw.mit.edu/courses/18-01-single-variable-calculus-fall-2006/video_galleries/video-lectures/,Official video lecture gallery explicitly labels Lecture 32: Polar Coordinates.
Massachusetts Institute of Technology,mathematics,Calculus,lecture,Single Variable Calculus — recorded lecture series,18.01,mit-18-01-fall-2007-recordings,Fall 2007,,33,,,,Exam 4 Review,True,transcript,1,mathematics/mit-18-01-fall-2007-recordings/L33,https://ocw.mit.edu/courses/18-01-single-variable-calculus-fall-2006/resources/lecture-33-exam-4-review/,https://ocw.mit.edu/courses/18-01-single-variable-calculus-fall-2006/video_galleries/video-lectures/,Official video lecture gallery explicitly labels Lecture 33: Exam 4 Review.
Massachusetts Institute of Technology,mathematics,Calculus,lecture,Single Variable Calculus — recorded lecture series,18.01,mit-18-01-fall-2007-recordings,Fall 2007,,35,,,,Indeterminate Forms,True,transcript,1,mathematics/mit-18-01-fall-2007-recordings/L35,https://ocw.mit.edu/courses/18-01-single-variable-calculus-fall-2006/resources/lecture-35-indeterminate-forms/,https://ocw.mit.edu/courses/18-01-single-variable-calculus-fall-2006/video_galleries/video-lectures/,Official video lecture gallery explicitly labels Lecture 35: Indeterminate Forms.
Massachusetts Institute of Technology,mathematics,Calculus,lecture,Single Variable Calculus — recorded lecture series,18.01,mit-18-01-fall-2007-recordings,Fall 2007,,36,,,,Improper Integrals,True,transcript,1,mathematics/mit-18-01-fall-2007-recordings/L36,https://ocw.mit.edu/courses/18-01-single-variable-calculus-fall-2006/resources/lecture-36-improper-integrals/,https://ocw.mit.edu/courses/18-01-single-variable-calculus-fall-2006/video_galleries/video-lectures/,Official video lecture gallery explicitly labels Lecture 36: Improper Integrals.
Massachusetts Institute of Technology,mathematics,Calculus,lecture,Single Variable Calculus — recorded lecture series,18.01,mit-18-01-fall-2007-recordings,Fall 2007,,37,,,,Infinite Series,True,transcript,1,mathematics/mit-18-01-fall-2007-recordings/L37,https://ocw.mit.edu/courses/18-01-single-variable-calculus-fall-2006/resources/lecture-37-infinite-series/,https://ocw.mit.edu/courses/18-01-single-variable-calculus-fall-2006/video_galleries/video-lectures/,Official video lecture gallery explicitly labels Lecture 37: Infinite Series.
Massachusetts Institute of Technology,mathematics,Calculus,lecture,Single Variable Calculus — recorded lecture series,18.01,mit-18-01-fall-2007-recordings,Fall 2007,,38,,,,Taylor's Series,True,transcript,1,mathematics/mit-18-01-fall-2007-recordings/L38,https://ocw.mit.edu/courses/18-01-single-variable-calculus-fall-2006/resources/lecture-38-taylors-series/,https://ocw.mit.edu/courses/18-01-single-variable-calculus-fall-2006/video_galleries/video-lectures/,Official video lecture gallery explicitly labels Lecture 38: Taylor's Series.
Massachusetts Institute of Technology,mathematics,Calculus,lecture,Single Variable Calculus — recorded lecture series,18.01,mit-18-01-fall-2007-recordings,Fall 2007,,39,,,,Final Review,True,transcript,1,mathematics/mit-18-01-fall-2007-recordings/L39,https://ocw.mit.edu/courses/18-01-single-variable-calculus-fall-2006/resources/lecture-39-final-review/,https://ocw.mit.edu/courses/18-01-single-variable-calculus-fall-2006/video_galleries/video-lectures/,Official video lecture gallery explicitly labels Lecture 39: Final Review.
Massachusetts Institute of Technology,physics,Electromagnetism,lecture,Physics II: Electricity and Magnetism,8.022,mit-8-022-fall2004,Fall 2004,,1,1,1,Session 1 (slides: Lecture 1). The official SES # counts class meetings including labs and exams; slide decks number the instructional lectures 1-22. Original session IDs are retained and both numbers are recorded.,"Introduction Coulomb’s Law, Superposition Energy of Charge Distributions",True,slides,1,physics/mit-8-022-fall2004/L01,https://ocw.mit.edu/courses/8-022-physics-ii-electricity-and-magnetism-fall-2004/pages/lecture-notes/,https://ocw.mit.edu/courses/8-022-physics-ii-electricity-and-magnetism-fall-2004/pages/lecture-notes/,"Official index labels this row SES # 1: Introduction


Coulomb’s Law, Superposition


Energy of Charge Distributions."
Massachusetts Institute of Technology,physics,Electromagnetism,lecture,Physics II: Electricity and Magnetism,8.022,mit-8-022-fall2004,Fall 2004,,2,2,2,Session 2 (slides: Lecture 2). The official SES # counts class meetings including labs and exams; slide decks number the instructional lectures 1-22. Original session IDs are retained and both numbers are recorded.,"Electric Field, Electric Flux, Gauss’s Law",True,slides,1,physics/mit-8-022-fall2004/L02,https://ocw.mit.edu/courses/8-022-physics-ii-electricity-and-magnetism-fall-2004/pages/lecture-notes/,https://ocw.mit.edu/courses/8-022-physics-ii-electricity-and-magnetism-fall-2004/pages/lecture-notes/,"Official index labels this row SES # 2: Electric Field, Electric Flux, Gauss’s Law."
Massachusetts Institute of Technology,physics,Electromagnetism,lecture,Physics II: Electricity and Magnetism,8.022,mit-8-022-fall2004,Fall 2004,,3,3,3,Session 3 (slides: Lecture 3). The official SES # counts class meetings including labs and exams; slide decks number the instructional lectures 1-22. Original session IDs are retained and both numbers are recorded.,Energy Density of the Field Electric Potential Gradient Gauss’s Law Revisited Divergence,True,slides,1,physics/mit-8-022-fall2004/L03,https://ocw.mit.edu/courses/8-022-physics-ii-electricity-and-magnetism-fall-2004/pages/lecture-notes/,https://ocw.mit.edu/courses/8-022-physics-ii-electricity-and-magnetism-fall-2004/pages/lecture-notes/,"Official index labels this row SES # 3: Energy Density of the Field


Electric Potential


Gradient


Gauss’s Law Revisited


Divergence."
Massachusetts Institute of Technology,physics,Electromagnetism,lecture,Physics II: Electricity and Magnetism,8.022,mit-8-022-fall2004,Fall 2004,,4,4,4,Session 4 (slides: Lecture 4). The official SES # counts class meetings including labs and exams; slide decks number the instructional lectures 1-22. Original session IDs are retained and both numbers are recorded.,Poisson and Laplace Equations Curl Uniqueness Theorem Introduction to Conductors,True,slides,1,physics/mit-8-022-fall2004/L04,https://ocw.mit.edu/courses/8-022-physics-ii-electricity-and-magnetism-fall-2004/pages/lecture-notes/,https://ocw.mit.edu/courses/8-022-physics-ii-electricity-and-magnetism-fall-2004/pages/lecture-notes/,"Official index labels this row SES # 4: Poisson and Laplace Equations


Curl


Uniqueness Theorem


Introduction to Conductors."
Massachusetts Institute of Technology,physics,Electromagnetism,lecture,Physics II: Electricity and Magnetism,8.022,mit-8-022-fall2004,Fall 2004,,6,6,5,Session 6 (slides: Lecture 5). The official SES # counts class meetings including labs and exams; slide decks number the instructional lectures 1-22. Original session IDs are retained and both numbers are recorded.,Fields and Potentials around Conductors Capacitance,True,slides,1,physics/mit-8-022-fall2004/L06,https://ocw.mit.edu/courses/8-022-physics-ii-electricity-and-magnetism-fall-2004/pages/lecture-notes/,https://ocw.mit.edu/courses/8-022-physics-ii-electricity-and-magnetism-fall-2004/pages/lecture-notes/,"Official index labels this row SES # 6: Fields and Potentials around Conductors


Capacitance."
Massachusetts Institute of Technology,physics,Electromagnetism,lecture,Physics II: Electricity and Magnetism,8.022,mit-8-022-fall2004,Fall 2004,,7,7,6,Session 7 (slides: Lecture 6). The official SES # counts class meetings including labs and exams; slide decks number the instructional lectures 1-22. Original session IDs are retained and both numbers are recorded.,More on Capacitance,True,slides,1,physics/mit-8-022-fall2004/L07,https://ocw.mit.edu/courses/8-022-physics-ii-electricity-and-magnetism-fall-2004/pages/lecture-notes/,https://ocw.mit.edu/courses/8-022-physics-ii-electricity-and-magnetism-fall-2004/pages/lecture-notes/,Official index labels this row SES # 7: More on Capacitance.
Massachusetts Institute of Technology,physics,Electromagnetism,lecture,Physics II: Electricity and Magnetism,8.022,mit-8-022-fall2004,Fall 2004,,8,8,7,Session 8 (slides: Lecture 7). The official SES # counts class meetings including labs and exams; slide decks number the instructional lectures 1-22. Original session IDs are retained and both numbers are recorded.,"Current, Continuity Equation Resistance, Ohm’s Law",True,slides,1,physics/mit-8-022-fall2004/L08,https://ocw.mit.edu/courses/8-022-physics-ii-electricity-and-magnetism-fall-2004/pages/lecture-notes/,https://ocw.mit.edu/courses/8-022-physics-ii-electricity-and-magnetism-fall-2004/pages/lecture-notes/,"Official index labels this row SES # 8: Current, Continuity Equation


Resistance, Ohm’s Law."
Massachusetts Institute of Technology,physics,Electromagnetism,lecture,Physics II: Electricity and Magnetism,8.022,mit-8-022-fall2004,Fall 2004,,10,10,8,Session 10 (slides: Lecture 8). The official SES # counts class meetings including labs and exams; slide decks number the instructional lectures 1-22. Original session IDs are retained and both numbers are recorded.,"EMF, Circuits Kirchhoff’s Rules",True,slides,1,physics/mit-8-022-fall2004/L10,https://ocw.mit.edu/courses/8-022-physics-ii-electricity-and-magnetism-fall-2004/pages/lecture-notes/,https://ocw.mit.edu/courses/8-022-physics-ii-electricity-and-magnetism-fall-2004/pages/lecture-notes/,"Official index labels this row SES # 10: EMF, Circuits


Kirchhoff’s Rules."
Massachusetts Institute of Technology,physics,Electromagnetism,lecture,Physics II: Electricity and Magnetism,8.022,mit-8-022-fall2004,Fall 2004,,11,11,9,Session 11 (slides: Lecture 9). The official SES # counts class meetings including labs and exams; slide decks number the instructional lectures 1-22. Original session IDs are retained and both numbers are recorded.,"Variable Currents, RC Circuits Thévenin Equivalence",True,slides,1,physics/mit-8-022-fall2004/L11,https://ocw.mit.edu/courses/8-022-physics-ii-electricity-and-magnetism-fall-2004/pages/lecture-notes/,https://ocw.mit.edu/courses/8-022-physics-ii-electricity-and-magnetism-fall-2004/pages/lecture-notes/,"Official index labels this row SES # 11: Variable Currents, RC Circuits


Thévenin Equivalence."
Massachusetts Institute of Technology,physics,Electromagnetism,lecture,Physics II: Electricity and Magnetism,8.022,mit-8-022-fall2004,Fall 2004,,12,12,10,Session 12 (slides: Lecture 10). The official SES # counts class meetings including labs and exams; slide decks number the instructional lectures 1-22. Original session IDs are retained and both numbers are recorded.,"Magnetic Force, Magnetic Field Ampere’s Law",True,slides,1,physics/mit-8-022-fall2004/L12,https://ocw.mit.edu/courses/8-022-physics-ii-electricity-and-magnetism-fall-2004/pages/lecture-notes/,https://ocw.mit.edu/courses/8-022-physics-ii-electricity-and-magnetism-fall-2004/pages/lecture-notes/,"Official index labels this row SES # 12: Magnetic Force, Magnetic Field


Ampere’s Law."
Massachusetts Institute of Technology,physics,Electromagnetism,lecture,Physics II: Electricity and Magnetism,8.022,mit-8-022-fall2004,Fall 2004,,13,13,11,Session 13 (slides: Lecture 11). The official SES # counts class meetings including labs and exams; slide decks number the instructional lectures 1-22. Original session IDs are retained and both numbers are recorded.,Special Relativity I: Spacetime,True,slides,1,physics/mit-8-022-fall2004/L13,https://ocw.mit.edu/courses/8-022-physics-ii-electricity-and-magnetism-fall-2004/pages/lecture-notes/,https://ocw.mit.edu/courses/8-022-physics-ii-electricity-and-magnetism-fall-2004/pages/lecture-notes/,Official index labels this row SES # 13: Special Relativity I: Spacetime.
Massachusetts Institute of Technology,physics,Electromagnetism,lecture,Physics II: Electricity and Magnetism,8.022,mit-8-022-fall2004,Fall 2004,,14,14,12,Session 14 (slides: Lecture 12). The official SES # counts class meetings including labs and exams; slide decks number the instructional lectures 1-22. Original session IDs are retained and both numbers are recorded.,Special Relativity II: Forces and Fields Equivalence of Electric and Magnetic Fields,True,slides,1,physics/mit-8-022-fall2004/L14,https://ocw.mit.edu/courses/8-022-physics-ii-electricity-and-magnetism-fall-2004/pages/lecture-notes/,https://ocw.mit.edu/courses/8-022-physics-ii-electricity-and-magnetism-fall-2004/pages/lecture-notes/,"Official index labels this row SES # 14: Special Relativity II: Forces and Fields


Equivalence of Electric and Magnetic Fields."
Massachusetts Institute of Technology,physics,Electromagnetism,lecture,Physics II: Electricity and Magnetism,8.022,mit-8-022-fall2004,Fall 2004,,15,15,13,Session 15 (slides: Lecture 13). The official SES # counts class meetings including labs and exams; slide decks number the instructional lectures 1-22. Original session IDs are retained and both numbers are recorded.,"Ampere’s Law Revisited Vector Potential, Biot-Savart Law",True,slides,1,physics/mit-8-022-fall2004/L15,https://ocw.mit.edu/courses/8-022-physics-ii-electricity-and-magnetism-fall-2004/pages/lecture-notes/,https://ocw.mit.edu/courses/8-022-physics-ii-electricity-and-magnetism-fall-2004/pages/lecture-notes/,"Official index labels this row SES # 15: Ampere’s Law Revisited


Vector Potential, Biot-Savart Law."
Massachusetts Institute of Technology,physics,Electromagnetism,lecture,Physics II: Electricity and Magnetism,8.022,mit-8-022-fall2004,Fall 2004,,16,16,14,Session 16 (slides: Lecture 14). The official SES # counts class meetings including labs and exams; slide decks number the instructional lectures 1-22. Original session IDs are retained and both numbers are recorded.,"Faraday’s Law, Lenz’s Law",True,slides,1,physics/mit-8-022-fall2004/L16,https://ocw.mit.edu/courses/8-022-physics-ii-electricity-and-magnetism-fall-2004/pages/lecture-notes/,https://ocw.mit.edu/courses/8-022-physics-ii-electricity-and-magnetism-fall-2004/pages/lecture-notes/,"Official index labels this row SES # 16: Faraday’s Law, Lenz’s Law."
Massachusetts Institute of Technology,physics,Electromagnetism,lecture,Physics II: Electricity and Magnetism,8.022,mit-8-022-fall2004,Fall 2004,,17,17,15,Session 17 (slides: Lecture 15). The official SES # counts class meetings including labs and exams; slide decks number the instructional lectures 1-22. Original session IDs are retained and both numbers are recorded.,Mutual and Self Inductance Magnetic Field Energy,True,slides,1,physics/mit-8-022-fall2004/L17,https://ocw.mit.edu/courses/8-022-physics-ii-electricity-and-magnetism-fall-2004/pages/lecture-notes/,https://ocw.mit.edu/courses/8-022-physics-ii-electricity-and-magnetism-fall-2004/pages/lecture-notes/,"Official index labels this row SES # 17: Mutual and Self Inductance


Magnetic Field Energy."
Massachusetts Institute of Technology,physics,Electromagnetism,lecture,Physics II: Electricity and Magnetism,8.022,mit-8-022-fall2004,Fall 2004,,18,18,16,Session 18 (slides: Lecture 16). The official SES # counts class meetings including labs and exams; slide decks number the instructional lectures 1-22. Original session IDs are retained and both numbers are recorded.,RL Circuits Undriven RLC Circuits Phasor Representation,True,slides,1,physics/mit-8-022-fall2004/L18,https://ocw.mit.edu/courses/8-022-physics-ii-electricity-and-magnetism-fall-2004/pages/lecture-notes/,https://ocw.mit.edu/courses/8-022-physics-ii-electricity-and-magnetism-fall-2004/pages/lecture-notes/,"Official index labels this row SES # 18: RL Circuits


Undriven RLC Circuits


Phasor Representation."
Massachusetts Institute of Technology,physics,Electromagnetism,lecture,Physics II: Electricity and Magnetism,8.022,mit-8-022-fall2004,Fall 2004,,21,21,17,Session 21 (slides: Lecture 17). The official SES # counts class meetings including labs and exams; slide decks number the instructional lectures 1-22. Original session IDs are retained and both numbers are recorded.,"Driven AC Circuits: Phasors, Impedance Power and Energy",True,slides,1,physics/mit-8-022-fall2004/L21,https://ocw.mit.edu/courses/8-022-physics-ii-electricity-and-magnetism-fall-2004/pages/lecture-notes/,https://ocw.mit.edu/courses/8-022-physics-ii-electricity-and-magnetism-fall-2004/pages/lecture-notes/,"Official index labels this row SES # 21: Driven AC Circuits: Phasors, Impedance


Power and Energy."
Massachusetts Institute of Technology,physics,Electromagnetism,lecture,Physics II: Electricity and Magnetism,8.022,mit-8-022-fall2004,Fall 2004,,23,23,18,Session 23 (slides: Lecture 18). The official SES # counts class meetings including labs and exams; slide decks number the instructional lectures 1-22. Original session IDs are retained and both numbers are recorded.,AC Circuits (Conclusion) Filters Quality Factor and Resonance,True,slides,1,physics/mit-8-022-fall2004/L23,https://ocw.mit.edu/courses/8-022-physics-ii-electricity-and-magnetism-fall-2004/pages/lecture-notes/,https://ocw.mit.edu/courses/8-022-physics-ii-electricity-and-magnetism-fall-2004/pages/lecture-notes/,"Official index labels this row SES # 23: AC Circuits (Conclusion)


Filters


Quality Factor and Resonance."
Massachusetts Institute of Technology,physics,Electromagnetism,lecture,Physics II: Electricity and Magnetism,8.022,mit-8-022-fall2004,Fall 2004,,24,24,19,Session 24 (slides: Lecture 19). The official SES # counts class meetings including labs and exams; slide decks number the instructional lectures 1-22. Original session IDs are retained and both numbers are recorded.,"Displacement Current, Maxwell’s Equations",True,slides,1,physics/mit-8-022-fall2004/L24,https://ocw.mit.edu/courses/8-022-physics-ii-electricity-and-magnetism-fall-2004/pages/lecture-notes/,https://ocw.mit.edu/courses/8-022-physics-ii-electricity-and-magnetism-fall-2004/pages/lecture-notes/,"Official index labels this row SES # 24: Displacement Current, Maxwell’s Equations."
Massachusetts Institute of Technology,physics,Electromagnetism,lecture,Physics II: Electricity and Magnetism,8.022,mit-8-022-fall2004,Fall 2004,,25,25,20,Session 25 (slides: Lecture 20). The official SES # counts class meetings including labs and exams; slide decks number the instructional lectures 1-22. Original session IDs are retained and both numbers are recorded.,Wave Equation Electromagnetic Radiation,True,slides,1,physics/mit-8-022-fall2004/L25,https://ocw.mit.edu/courses/8-022-physics-ii-electricity-and-magnetism-fall-2004/pages/lecture-notes/,https://ocw.mit.edu/courses/8-022-physics-ii-electricity-and-magnetism-fall-2004/pages/lecture-notes/,"Official index labels this row SES # 25: Wave Equation


Electromagnetic Radiation."
Massachusetts Institute of Technology,physics,Electromagnetism,lecture,Physics II: Electricity and Magnetism,8.022,mit-8-022-fall2004,Fall 2004,,26,26,21,Session 26 (slides: Lecture 21). The official SES # counts class meetings including labs and exams; slide decks number the instructional lectures 1-22. Original session IDs are retained and both numbers are recorded.,"Radiation (cont.) Polarization, Poynting Vector: Energy, Power and Momentum of Radiation",True,slides,1,physics/mit-8-022-fall2004/L26,https://ocw.mit.edu/courses/8-022-physics-ii-electricity-and-magnetism-fall-2004/pages/lecture-notes/,https://ocw.mit.edu/courses/8-022-physics-ii-electricity-and-magnetism-fall-2004/pages/lecture-notes/,"Official index labels this row SES # 26: Radiation (cont.)


Polarization, Poynting Vector: Energy, Power and Momentum of Radiation."
Massachusetts Institute of Technology,physics,Electromagnetism,lecture,Physics II: Electricity and Magnetism,8.022,mit-8-022-fall2004,Fall 2004,,28,28,22,Session 28 (slides: Lecture 22). The official SES # counts class meetings including labs and exams; slide decks number the instructional lectures 1-22. Original session IDs are retained and both numbers are recorded.,"Poynting Vector: Energy, Power and Momentum of Radiation, Magnetic Properties of Materials Transmission Lines",True,slides,1,physics/mit-8-022-fall2004/L28,https://ocw.mit.edu/courses/8-022-physics-ii-electricity-and-magnetism-fall-2004/pages/lecture-notes/,https://ocw.mit.edu/courses/8-022-physics-ii-electricity-and-magnetism-fall-2004/pages/lecture-notes/,"Official index labels this row SES # 28: Poynting Vector: Energy, Power and Momentum of Radiation, Magnetic Properties of Materials


Transmission Lines."
